Input Size,Bucket Sort
100000,4.782309293746948
200000,47.68627715110779
300000,294.8356158733368
400000,575.9366858005524
500000,
600000,
700000,
800000,
900000,
1000000,
